{"cameraMode":{"drawMode":0,"name":"Shaded","section":"Shading Mode"},"sceneLighting":false,"audioPlay":false,"sceneViewState":{"m_AlwaysRefresh":false,"showFog":true,"showSkybox":false,"showFlares":true,"showImageEffects":true,"showParticleSystems":true,"showVisualEffectGraphs":true,"m_FxEnabled":true},"in2DMode":false,"pivot":{"x":0.03354953974485397,"y":0.02862473577260971,"z":-0.07517286390066147},"rotation":{"x":0.10096936672925949,"y":0.854276180267334,"z":-0.18109579384326936,"w":0.4771364629268646},"size":0.14467628300189973,"orthographic":true}