{"cameraMode":{"drawMode":0,"name":"Shaded","section":"Shading Mode"},"sceneLighting":false,"audioPlay":false,"sceneViewState":{"m_AlwaysRefresh":false,"showFog":true,"showSkybox":false,"showFlares":true,"showImageEffects":true,"showParticleSystems":true,"showVisualEffectGraphs":true,"m_FxEnabled":true},"in2DMode":false,"pivot":{"x":4.4813337326049809,"y":3.8102355003356935,"z":-9.117950439453125},"rotation":{"x":-0.0019143850076943637,"y":0.5020451545715332,"z":-0.0003068947698920965,"w":-0.865147590637207},"size":5.240415096282959,"orthographic":false}