{"cameraMode":{"drawMode":0,"name":"Shaded","section":"Shading Mode"},"sceneLighting":false,"audioPlay":false,"sceneViewState":{"m_AlwaysRefresh":false,"showFog":true,"showSkybox":false,"showFlares":true,"showImageEffects":true,"showParticleSystems":true,"showVisualEffectGraphs":true,"m_FxEnabled":true},"in2DMode":false,"pivot":{"x":0.289792537689209,"y":14.554024696350098,"z":3.089162826538086},"rotation":{"x":0.009745607152581215,"y":0.5778273344039917,"z":-0.007543222513049841,"w":0.8163464069366455},"size":15.864496231079102,"orthographic":true}