{"cameraMode":{"drawMode":0,"name":"Shaded","section":"Shading Mode"},"sceneLighting":true,"audioPlay":false,"sceneViewState":{"m_AlwaysRefresh":false,"showFog":true,"showSkybox":false,"showFlares":true,"showImageEffects":true,"showParticleSystems":true,"showVisualEffectGraphs":true,"m_FxEnabled":true},"in2DMode":false,"pivot":{"x":-2.4465386867523195,"y":1.3133255243301392,"z":-0.9475366473197937},"rotation":{"x":-0.8055446147918701,"y":-0.0017536907689645887,"z":0.002892568241804838,"w":-0.5928888916969299},"size":1.2042574882507325,"orthographic":false}