{"cameraMode":{"drawMode":0,"name":"Shaded","section":"Shading Mode"},"sceneLighting":false,"audioPlay":false,"sceneViewState":{"m_AlwaysRefresh":false,"showFog":true,"showSkybox":false,"showFlares":true,"showImageEffects":true,"showParticleSystems":true,"showVisualEffectGraphs":true,"m_FxEnabled":true},"in2DMode":false,"pivot":{"x":-0.057775676250457767,"y":6.423397064208984,"z":8.481306076049805},"rotation":{"x":0.14089608192443849,"y":-0.3638177216053009,"z":0.05504080653190613,"w":0.9193689823150635},"size":0.38346245884895327,"orthographic":false}