{"cameraMode":{"drawMode":0,"name":"Shaded","section":"Shading Mode"},"sceneLighting":false,"audioPlay":false,"sceneViewState":{"m_AlwaysRefresh":false,"showFog":true,"showSkybox":false,"showFlares":true,"showImageEffects":true,"showParticleSystems":true,"showVisualEffectGraphs":true,"m_FxEnabled":true},"in2DMode":false,"pivot":{"x":-5.791876316070557,"y":6.454524517059326,"z":-0.38181257247924807},"rotation":{"x":0.7010568380355835,"y":-0.026310039684176446,"z":0.025356559082865716,"w":0.7124704718589783},"size":13.840299606323243,"orthographic":true}