{"cameraMode":{"drawMode":0,"name":"Shaded","section":"Shading Mode"},"sceneLighting":false,"audioPlay":false,"sceneViewState":{"m_AlwaysRefresh":false,"showFog":true,"showSkybox":false,"showFlares":true,"showImageEffects":true,"showParticleSystems":true,"showVisualEffectGraphs":true,"m_FxEnabled":true},"in2DMode":false,"pivot":{"x":487.5338134765625,"y":303.98931884765627,"z":-92.75323486328125},"rotation":{"x":0.027341455221176149,"y":-0.04790252447128296,"z":0.00008021470421226695,"w":0.9987756013870239},"size":606.2177734375,"orthographic":false}