{"cameraMode":{"drawMode":0,"name":"Shaded","section":"Shading Mode"},"sceneLighting":false,"audioPlay":false,"sceneViewState":{"m_AlwaysRefresh":false,"showFog":true,"showSkybox":false,"showFlares":true,"showImageEffects":true,"showParticleSystems":true,"showVisualEffectGraphs":true,"m_FxEnabled":true},"in2DMode":false,"pivot":{"x":-0.03891097009181976,"y":0.02431013062596321,"z":-0.08310283720493317},"rotation":{"x":0.06007518246769905,"y":0.29791060090065,"z":-0.019936351105570794,"w":0.9528174996376038},"size":0.0361793115735054,"orthographic":true}