{"cameraMode":{"drawMode":0,"name":"Shaded","section":"Shading Mode"},"sceneLighting":false,"audioPlay":false,"sceneViewState":{"m_AlwaysRefresh":false,"showFog":true,"showSkybox":false,"showFlares":true,"showImageEffects":true,"showParticleSystems":true,"showVisualEffectGraphs":true,"m_FxEnabled":true},"in2DMode":false,"pivot":{"x":0.010628629475831986,"y":0.0034233895130455496,"z":-0.025710569694638253},"rotation":{"x":0.038320403546094897,"y":0.9548904895782471,"z":-0.14172115921974183,"w":0.2589868903160095},"size":0.040904752910137179,"orthographic":true}