{"cameraMode":{"drawMode":0,"name":"Shaded","section":"Shading Mode"},"sceneLighting":false,"audioPlay":false,"sceneViewState":{"m_AlwaysRefresh":false,"showFog":true,"showSkybox":false,"showFlares":true,"showImageEffects":true,"showParticleSystems":true,"showVisualEffectGraphs":true,"m_FxEnabled":true},"in2DMode":false,"pivot":{"x":-0.011805007234215737,"y":0.029839493334293367,"z":0.012484454549849034},"rotation":{"x":0.10386183112859726,"y":0.8391209244728088,"z":-0.17263175547122956,"w":0.5056945085525513},"size":0.025168387219309808,"orthographic":true}