{"cameraMode":{"drawMode":0,"name":"Shaded","section":"Shading Mode"},"sceneLighting":false,"audioPlay":false,"sceneViewState":{"m_AlwaysRefresh":false,"showFog":true,"showSkybox":false,"showFlares":true,"showImageEffects":true,"showParticleSystems":true,"showVisualEffectGraphs":true,"m_FxEnabled":true},"in2DMode":false,"pivot":{"x":-0.016547132283449174,"y":0.019493695348501207,"z":0.04613868519663811},"rotation":{"x":0.19521471858024598,"y":0.5412207245826721,"z":-0.13108299672603608,"w":0.8076090812683106},"size":0.0792149007320404,"orthographic":true}