{"cameraMode":{"drawMode":0,"name":"Shaded","section":"Shading Mode"},"sceneLighting":false,"audioPlay":false,"sceneViewState":{"m_AlwaysRefresh":false,"showFog":true,"showSkybox":false,"showFlares":true,"showImageEffects":true,"showParticleSystems":true,"showVisualEffectGraphs":true,"m_FxEnabled":true},"in2DMode":false,"pivot":{"x":-1.0133757591247559,"y":0.6700000762939453,"z":-0.15405631065368653},"rotation":{"x":-0.04064851254224777,"y":0.9541046619415283,"z":-0.2581256330013275,"w":-0.14793497323989869},"size":3.302457094192505,"orthographic":false}